treatment,type,code
biopsy,CPT,61140
biopsy,CPT,61575
biopsy,CPT,61750
biopsy,CPT,61751
biopsy,ICD-9,1.11
biopsy,ICD-9,1.12
biopsy,ICD-9,1.13
biopsy,ICD-9,1.14
biopsy,ICD-9,1.18
biopsy,ICD-9,1.19
chemotherapy_bevacizumab,HCPCS,C9257
chemotherapy_bevacizumab,HCPCS,J9035
chemotherapy_bevacizumab,HCPCS,Q5118
chemotherapy_bevacizumab,NDC,50242-0061
chemotherapy_bevacizumab,NDC,55513-0207
chemotherapy_bevacizumab,NDC,00069-0315
chemotherapy_bevacizumab,NDC,00069-0342
chemotherapy_bevacizumab,NDC,50242-0060
chemotherapy_bevacizumab,NDC,50242-0060
chemotherapy_bevacizumab,NDC,50242-0061
chemotherapy_bevacizumab,NDC,50242-0061
chemotherapy_bevacizumab,NDC,55513-0206
chemotherapy_bevacizumab,NDC,55513-0207
chemotherapy_bevacizumab,NDC,70121-1754
chemotherapy_bevacizumab,NDC,70121-1755
chemotherapy_carboplatin,NDC,00015-3210
chemotherapy_carboplatin,NDC,00015-3211
chemotherapy_carboplatin,NDC,00015-3212
chemotherapy_carboplatin,NDC,00015-3213
chemotherapy_carboplatin,NDC,00015-3214
chemotherapy_carboplatin,NDC,00015-3215
chemotherapy_carboplatin,NDC,00015-3216
chemotherapy_carboplatin,NDC,61703-0360
chemotherapy_carboplatin,NDC,00703-3249
chemotherapy_carboplatin,NDC,47335-0150
chemotherapy_carboplatin,NDC,47335-0151
chemotherapy_carboplatin,NDC,50742-0447
chemotherapy_carboplatin,NDC,50742-0448
chemotherapy_carboplatin,NDC,66758-0047
chemotherapy_carboplatin,NDC,68083-0190
chemotherapy_carboplatin,NDC,68083-0191
chemotherapy_carboplatin,NDC,68083-0192
chemotherapy_carboplatin,NDC,68083-0193
chemotherapy_carboplatin,NDC,71288-0100
chemotherapy_carboplatin,NDC,00703-4239
chemotherapy_carboplatin,NDC,00703-4244
chemotherapy_carboplatin,NDC,00703-4246
chemotherapy_carboplatin,NDC,57277-0105
chemotherapy_carboplatin,NDC,57277-0106
chemotherapy_carboplatin,NDC,67457-0491
chemotherapy_carboplatin,NDC,67457-0492
chemotherapy_carboplatin,NDC,67457-0493
chemotherapy_carboplatin,NDC,67457-0494
chemotherapy_carboplatin,NDC,67457-0608
chemotherapy_carboplatin,NDC,55150-0386
chemotherapy_carboplatin,NDC,16729-0295
chemotherapy_carboplatin,NDC,69448-0005
chemotherapy_carboplatin,NDC,00703-4248
chemotherapy_carboplatin,NDC,61703-0339
chemotherapy_carboplatin,NDC,63323-0172
chemotherapy_carboplatin,NDC,25021-0202
chemotherapy_carboplatin,NDC,47335-0284
chemotherapy_carboplatin,NDC,47781-0603
chemotherapy_carboplatin,NDC,47781-0604
chemotherapy_carboplatin,NDC,47781-0605
chemotherapy_carboplatin,NDC,47781-0606
chemotherapy_carboplatin,NDC,50742-0445
chemotherapy_carboplatin,NDC,50742-0446
chemotherapy_carboplatin,NDC,57277-0107
chemotherapy_carboplatin,HCPCS,J9045
chemotherapy_cisplatin,NDC,44567-0530
chemotherapy_cisplatin,NDC,00015-3070
chemotherapy_cisplatin,NDC,00015-3072
chemotherapy_cisplatin,NDC,00703-5747
chemotherapy_cisplatin,NDC,00703-5748
chemotherapy_cisplatin,NDC,16729-0288
chemotherapy_cisplatin,NDC,44567-0509
chemotherapy_cisplatin,NDC,44567-0510
chemotherapy_cisplatin,NDC,44567-0511
chemotherapy_cisplatin,NDC,63323-0103
chemotherapy_cisplatin,NDC,68001-0283
chemotherapy_cisplatin,NDC,68083-0162
chemotherapy_cisplatin,NDC,68083-0163
chemotherapy_cisplatin,NDC,67457-0424
chemotherapy_cisplatin,NDC,67457-0425
chemotherapy_cisplatin,NDC,70860-0206
chemotherapy_cisplatin,NDC,00069-0081
chemotherapy_cisplatin,NDC,00069-0084
chemotherapy_cisplatin,NDC,47781-0609
chemotherapy_cisplatin,NDC,47781-0610
chemotherapy_cisplatin,NDC,61126-0003
chemotherapy_cisplatin,NDC,61126-0004
chemotherapy_cisplatin,HCPCS,C9418
chemotherapy_cisplatin,HCPCS,J9060
chemotherapy_cisplatin,HCPCS,J9062
chemotherapy_dacarbazine,NDC,00703-5075
chemotherapy_dacarbazine,NDC,63323-0127
chemotherapy_dacarbazine,NDC,63323-0128
chemotherapy_dacarbazine,NDC,61703-0327
chemotherapy_dacarbazine,HCPCS,C9423
chemotherapy_dacarbazine,HCPCS,J9130
chemotherapy_dacarbazine,HCPCS,J9140
chemotherapy_docetaxel,NDC,70121-1221
chemotherapy_docetaxel,NDC,70121-1222
chemotherapy_docetaxel,NDC,70121-1223
chemotherapy_docetaxel,NDC,43066-0001
chemotherapy_docetaxel,NDC,43066-0006
chemotherapy_docetaxel,NDC,43066-0010
chemotherapy_docetaxel,NDC,00069-9141
chemotherapy_docetaxel,NDC,00069-9142
chemotherapy_docetaxel,NDC,00075-8001
chemotherapy_docetaxel,NDC,00075-8005
chemotherapy_docetaxel,NDC,00409-0366
chemotherapy_docetaxel,NDC,00409-0367
chemotherapy_docetaxel,NDC,00955-1020
chemotherapy_docetaxel,NDC,00955-1021
chemotherapy_docetaxel,NDC,00955-1022
chemotherapy_docetaxel,NDC,25021-0222
chemotherapy_docetaxel,NDC,43598-0258
chemotherapy_docetaxel,NDC,43598-0610
chemotherapy_docetaxel,NDC,43598-0611
chemotherapy_docetaxel,NDC,45963-0765
chemotherapy_docetaxel,NDC,63739-0932
chemotherapy_docetaxel,NDC,63739-0971
chemotherapy_docetaxel,NDC,66758-0050
chemotherapy_docetaxel,NDC,66758-0950
chemotherapy_docetaxel,NDC,25021-0245
chemotherapy_docetaxel,NDC,50742-0431
chemotherapy_docetaxel,NDC,50742-0463
chemotherapy_docetaxel,NDC,00143-9204
chemotherapy_docetaxel,NDC,00143-9205
chemotherapy_docetaxel,NDC,43598-0389
chemotherapy_docetaxel,NDC,47335-0323
chemotherapy_docetaxel,NDC,47335-0895
chemotherapy_docetaxel,NDC,47335-0939
chemotherapy_docetaxel,NDC,72485-0216
chemotherapy_docetaxel,NDC,72485-0215
chemotherapy_docetaxel,NDC,72485-0214
chemotherapy_docetaxel,NDC,71288-0143
chemotherapy_docetaxel,NDC,71288-0144
chemotherapy_docetaxel,NDC,71288-0150
chemotherapy_docetaxel,NDC,71288-0151
chemotherapy_docetaxel,NDC,00409-7870
chemotherapy_docetaxel,NDC,00409-0365
chemotherapy_docetaxel,NDC,00409-1732
chemotherapy_docetaxel,NDC,00409-4235
chemotherapy_docetaxel,NDC,00409-5068
chemotherapy_docetaxel,NDC,55150-0378
chemotherapy_docetaxel,NDC,55150-0379
chemotherapy_docetaxel,NDC,55150-0380
chemotherapy_docetaxel,NDC,68083-0401
chemotherapy_docetaxel,NDC,68083-0400
chemotherapy_docetaxel,NDC,68083-0399
chemotherapy_docetaxel,NDC,00409-0201
chemotherapy_docetaxel,NDC,00409-0368
chemotherapy_docetaxel,NDC,16729-0231
chemotherapy_docetaxel,NDC,16729-0267
chemotherapy_docetaxel,NDC,43598-0259
chemotherapy_docetaxel,NDC,45963-0734
chemotherapy_docetaxel,NDC,47335-0285
chemotherapy_docetaxel,NDC,67457-0533
chemotherapy_docetaxel,NDC,67457-0781
chemotherapy_docetaxel,NDC,69097-0372
chemotherapy_docetaxel,NDC,70700-0174
chemotherapy_docetaxel,NDC,70700-0175
chemotherapy_docetaxel,NDC,70700-0176
chemotherapy_docetaxel,NDC,00075-8003
chemotherapy_docetaxel,NDC,00075-8004
chemotherapy_docetaxel,NDC,00703-5720
chemotherapy_docetaxel,NDC,00703-5730
chemotherapy_docetaxel,NDC,16714-0465
chemotherapy_docetaxel,NDC,16714-0500
chemotherapy_docetaxel,NDC,16729-0120
chemotherapy_docetaxel,NDC,16729-0228
chemotherapy_docetaxel,NDC,39822-2120
chemotherapy_docetaxel,NDC,39822-2180
chemotherapy_docetaxel,NDC,39822-2200
chemotherapy_docetaxel,NDC,42367-0121
chemotherapy_docetaxel,NDC,45963-0781
chemotherapy_docetaxel,NDC,45963-0790
chemotherapy_docetaxel,NDC,50742-0428
chemotherapy_docetaxel,NDC,00069-9144
chemotherapy_docetaxel,NDC,00409-0369
chemotherapy_docetaxel,NDC,67457-0531
chemotherapy_docetaxel,NDC,67457-0532
chemotherapy_docetaxel,NDC,69097-0369
chemotherapy_docetaxel,NDC,69097-0371
chemotherapy_docetaxel,NDC,57884-3021
chemotherapy_docetaxel,HCPCS,J9170
chemotherapy_docetaxel,HCPCS,J9171
chemotherapy_etoposide,NDC,00378-3266
chemotherapy_etoposide,NDC,00703-5653
chemotherapy_etoposide,NDC,55390-0291
chemotherapy_etoposide,NDC,55390-0292
chemotherapy_etoposide,NDC,55390-0293
chemotherapy_etoposide,NDC,55390-0491
chemotherapy_etoposide,NDC,55390-0492
chemotherapy_etoposide,NDC,55390-0493
chemotherapy_etoposide,NDC,63323-0104
chemotherapy_etoposide,NDC,00703-5657
chemotherapy_etoposide,NDC,00703-5656
chemotherapy_etoposide,NDC,16729-0114
chemotherapy_etoposide,NDC,68001-0265
chemotherapy_etoposide,NDC,00015-3404
chemotherapy_etoposide,NDC,16729-0262
chemotherapy_etoposide,HCPCS,C9414
chemotherapy_etoposide,HCPCS,C9425
chemotherapy_etoposide,HCPCS,J8560
chemotherapy_etoposide,HCPCS,J9181
chemotherapy_etoposide,HCPCS,J9182
chemotherapy_etoposide,HCPCS,J9198
chemotherapy_gemcitabine,NDC,68001-0359
chemotherapy_gemcitabine,NDC,68001-0350
chemotherapy_gemcitabine,NDC,68001-0348
chemotherapy_gemcitabine,NDC,68001-0342
chemotherapy_gemcitabine,NDC,16714-0909
chemotherapy_gemcitabine,NDC,16714-0930
chemotherapy_gemcitabine,NDC,16729-0391
chemotherapy_gemcitabine,NDC,16729-0419
chemotherapy_gemcitabine,NDC,16729-0423
chemotherapy_gemcitabine,NDC,00703-5775
chemotherapy_gemcitabine,NDC,00703-5778
chemotherapy_gemcitabine,NDC,00002-7502
chemotherapy_gemcitabine,NDC,00781-3282
chemotherapy_gemcitabine,NDC,00781-3283
chemotherapy_gemcitabine,NDC,16729-0092
chemotherapy_gemcitabine,NDC,16729-0117
chemotherapy_gemcitabine,NDC,16729-0118
chemotherapy_gemcitabine,NDC,55390-0391
chemotherapy_gemcitabine,NDC,67457-0462
chemotherapy_gemcitabine,NDC,67457-0463
chemotherapy_gemcitabine,NDC,67457-0464
chemotherapy_gemcitabine,NDC,68001-0282
chemotherapy_gemcitabine,NDC,68083-0148
chemotherapy_gemcitabine,NDC,68083-0149
chemotherapy_gemcitabine,NDC,69097-0313
chemotherapy_gemcitabine,NDC,69097-0314
chemotherapy_gemcitabine,NDC,00409-0181
chemotherapy_gemcitabine,NDC,00409-0182
chemotherapy_gemcitabine,NDC,00409-0183
chemotherapy_gemcitabine,NDC,00409-0185
chemotherapy_gemcitabine,NDC,00409-0187
chemotherapy_gemcitabine,NDC,25021-0209
chemotherapy_gemcitabine,NDC,25021-0234
chemotherapy_gemcitabine,NDC,25021-0235
chemotherapy_gemcitabine,NDC,42236-0001
chemotherapy_gemcitabine,NDC,42236-0002
chemotherapy_gemcitabine,NDC,55111-0686
chemotherapy_gemcitabine,NDC,55111-0687
chemotherapy_gemcitabine,NDC,70860-0204
chemotherapy_gemcitabine,NDC,70860-0205
chemotherapy_gemcitabine,NDC,63323-0102
chemotherapy_gemcitabine,NDC,63759-3028
chemotherapy_gemcitabine,NDC,63759-3029
chemotherapy_gemcitabine,NDC,71288-0117
chemotherapy_gemcitabine,NDC,72485-0221
chemotherapy_gemcitabine,NDC,72485-0222
chemotherapy_gemcitabine,NDC,72485-0223
chemotherapy_gemcitabine,NDC,00002-7501
chemotherapy_gemcitabine,NDC,00143-9394
chemotherapy_gemcitabine,NDC,00143-9395
chemotherapy_gemcitabine,NDC,00409-0186
chemotherapy_gemcitabine,NDC,23155-0213
chemotherapy_gemcitabine,NDC,23155-0528
chemotherapy_gemcitabine,NDC,25021-0208
chemotherapy_gemcitabine,NDC,45963-0619
chemotherapy_gemcitabine,NDC,63323-0125
chemotherapy_gemcitabine,NDC,63323-0126
chemotherapy_gemcitabine,NDC,67457-0616
chemotherapy_gemcitabine,NDC,67457-0617
chemotherapy_gemcitabine,NDC,67457-0618
chemotherapy_gemcitabine,NDC,00069-3857
chemotherapy_gemcitabine,NDC,00069-3858
chemotherapy_gemcitabine,NDC,00069-3859
chemotherapy_gemcitabine,NDC,00591-3562
chemotherapy_gemcitabine,NDC,00591-3563
chemotherapy_gemcitabine,NDC,23155-0214
chemotherapy_gemcitabine,NDC,23155-0483
chemotherapy_gemcitabine,NDC,23155-0484
chemotherapy_gemcitabine,NDC,23155-0529
chemotherapy_gemcitabine,NDC,25021-0239
chemotherapy_gemcitabine,NDC,45963-0612
chemotherapy_gemcitabine,NDC,45963-0620
chemotherapy_gemcitabine,NDC,45963-0623
chemotherapy_gemcitabine,NDC,45963-0624
chemotherapy_gemcitabine,NDC,45963-0636
chemotherapy_gemcitabine,NDC,47335-0153
chemotherapy_gemcitabine,NDC,47335-0154
chemotherapy_gemcitabine,NDC,50742-0496
chemotherapy_gemcitabine,NDC,50742-0497
chemotherapy_gemcitabine,NDC,50742-0498
chemotherapy_gemcitabine,NDC,16729-0426
chemotherapy_gemcitabine,NDC,62756-0008
chemotherapy_gemcitabine,NDC,62756-0073
chemotherapy_gemcitabine,NDC,62756-0102
chemotherapy_gemcitabine,NDC,62756-0219
chemotherapy_gemcitabine,NDC,62756-0321
chemotherapy_gemcitabine,NDC,62756-0438
chemotherapy_gemcitabine,NDC,62756-0533
chemotherapy_gemcitabine,NDC,62756-0614
chemotherapy_gemcitabine,NDC,62756-0746
chemotherapy_gemcitabine,NDC,62756-0974
chemotherapy_gemcitabine,NDC,71288-0113
chemotherapy_gemcitabine,NDC,71288-0114
chemotherapy_gemcitabine,NDC,60505-6113
chemotherapy_gemcitabine,NDC,60505-6114
chemotherapy_gemcitabine,NDC,60505-6115
chemotherapy_irinotecan,NDC,66758-0048
chemotherapy_irinotecan,NDC,68001-0284
chemotherapy_irinotecan,NDC,69171-0398
chemotherapy_irinotecan,NDC,68001-0480
chemotherapy_irinotecan,NDC,68083-0381
chemotherapy_irinotecan,NDC,70700-0169
chemotherapy_irinotecan,NDC,45963-0614
chemotherapy_irinotecan,NDC,55150-0352
chemotherapy_irinotecan,NDC,55150-0353
chemotherapy_irinotecan,NDC,55150-0354
chemotherapy_irinotecan,NDC,68001-0425
chemotherapy_irinotecan,NDC,68001-0426
chemotherapy_irinotecan,NDC,72485-0213
chemotherapy_irinotecan,NDC,68083-0382
chemotherapy_irinotecan,NDC,70700-0170
chemotherapy_irinotecan,NDC,00009-1111
chemotherapy_irinotecan,NDC,00009-7529
chemotherapy_irinotecan,NDC,00143-9583
chemotherapy_irinotecan,NDC,00143-9701
chemotherapy_irinotecan,NDC,00143-9702
chemotherapy_irinotecan,NDC,00703-4432
chemotherapy_irinotecan,NDC,00703-4434
chemotherapy_irinotecan,NDC,15054-0043
chemotherapy_irinotecan,NDC,16714-0027
chemotherapy_irinotecan,NDC,16714-0131
chemotherapy_irinotecan,NDC,25021-0214
chemotherapy_irinotecan,NDC,25021-0230
chemotherapy_irinotecan,NDC,47335-0937
chemotherapy_irinotecan,NDC,47335-0953
chemotherapy_irinotecan,NDC,50742-0401
chemotherapy_irinotecan,NDC,50742-0402
chemotherapy_irinotecan,NDC,59923-0702
chemotherapy_irinotecan,NDC,59923-0714
chemotherapy_irinotecan,NDC,59923-0715
chemotherapy_irinotecan,NDC,59923-0716
chemotherapy_irinotecan,NDC,61703-0349
chemotherapy_irinotecan,NDC,63323-0193
chemotherapy_irinotecan,NDC,72485-0211
chemotherapy_irinotecan,NDC,72485-0212
chemotherapy_irinotecan,NDC,16714-0725
chemotherapy_irinotecan,NDC,16714-0726
chemotherapy_irinotecan,NDC,23155-0179
chemotherapy_irinotecan,HCPCS,C9474
chemotherapy_irinotecan,HCPCS,J9206
chemotherapy_lomustine,HCPCS,S0178
chemotherapy_lomustine,NDC,00015-3030
chemotherapy_lomustine,NDC,00015-3031
chemotherapy_lomustine,NDC,00015-3032
chemotherapy_lomustine,NDC,58181-3030
chemotherapy_lomustine,NDC,58181-3031
chemotherapy_lomustine,NDC,58181-3032
chemotherapy_lomustine,NDC,58181-3040
chemotherapy_lomustine,NDC,58181-3041
chemotherapy_lomustine,NDC,58181-3042
chemotherapy_lomustine,NDC,58181-3043
chemotherapy_lomustine,NDC,00015-3030
chemotherapy_lomustine,NDC,00015-3031
chemotherapy_lomustine,NDC,00015-3032
chemotherapy_lomustine,NDC,58181-3030
chemotherapy_lomustine,NDC,58181-3031
chemotherapy_lomustine,NDC,58181-3032
chemotherapy_lomustine,NDC,58181-3040
chemotherapy_lomustine,NDC,58181-3041
chemotherapy_lomustine,NDC,58181-3042
chemotherapy_lomustine,NDC,58181-3043
chemotherapy_lomustine,HCPCS,S0178
chemotherapy_lurbinectedin,HCPCS,J9223
chemotherapy_lurbinectedin,NDC,68727-0712
chemotherapy_lurbinectedin,HCPCS,C9431
chemotherapy_lurbinectedin,HCPCS,J9264
chemotherapy_lurbinectedin,HCPCS,J9265
chemotherapy_lurbinectedin,HCPCS,J9267
chemotherapy_lurbinectedin,NDC,47781-0595
chemotherapy_lurbinectedin,NDC,55390-0114
chemotherapy_lurbinectedin,NDC,55390-0304
chemotherapy_lurbinectedin,NDC,55390-0314
chemotherapy_lurbinectedin,NDC,66758-0043
chemotherapy_lurbinectedin,NDC,67457-0434
chemotherapy_lurbinectedin,NDC,67457-0449
chemotherapy_lurbinectedin,NDC,67457-0471
chemotherapy_lurbinectedin,NDC,68083-0178
chemotherapy_lurbinectedin,NDC,68083-0179
chemotherapy_lurbinectedin,NDC,68083-0180
chemotherapy_lurbinectedin,NDC,68817-0134
chemotherapy_lurbinectedin,NDC,70860-0200
chemotherapy_lurbinectedin,NDC,00703-3216
chemotherapy_lurbinectedin,NDC,00703-3217
chemotherapy_lurbinectedin,NDC,00703-3213
chemotherapy_lurbinectedin,NDC,00703-3218
chemotherapy_lurbinectedin,NDC,16714-0137
chemotherapy_lurbinectedin,NDC,69539-0158
chemotherapy_lurbinectedin,NDC,69539-0159
chemotherapy_lurbinectedin,NDC,69539-0157
chemotherapy_lurbinectedin,NDC,72205-0063
chemotherapy_lurbinectedin,NDC,72205-0062
chemotherapy_lurbinectedin,NDC,72205-0061
chemotherapy_lurbinectedin,NDC,00703-4764
chemotherapy_lurbinectedin,NDC,00703-4768
chemotherapy_lurbinectedin,NDC,44567-0504
chemotherapy_lurbinectedin,NDC,44567-0505
chemotherapy_lurbinectedin,NDC,44567-0506
chemotherapy_lurbinectedin,NDC,45963-0613
chemotherapy_lurbinectedin,NDC,61703-0342
chemotherapy_lurbinectedin,NDC,63323-0763
chemotherapy_lurbinectedin,NDC,00069-0076
chemotherapy_lurbinectedin,NDC,00069-0078
chemotherapy_lurbinectedin,NDC,00069-0079
chemotherapy_lurbinectedin,NDC,00703-4766
chemotherapy_lurbinectedin,NDC,00703-4767
chemotherapy_lurbinectedin,NDC,25021-0213
chemotherapy_lurbinectedin,NDC,68001-0516
chemotherapy_lurbinectedin,NDC,47781-0593
chemotherapy_lurbinectedin,NDC,47781-0594
chemotherapy_lurbinectedin,NDC,51991-0937
chemotherapy_lurbinectedin,NDC,51991-0938
chemotherapy_lurbinectedin,NDC,70860-0215
chemotherapy_paclitaxel,HCPCS,C9127
chemotherapy_paclitaxel,HCPCS,C9431
chemotherapy_paclitaxel,HCPCS,J9264
chemotherapy_paclitaxel,HCPCS,J9265
chemotherapy_paclitaxel,HCPCS,J9267
chemotherapy_paclitaxel,NDC,47781-0595
chemotherapy_paclitaxel,NDC,55390-0114
chemotherapy_paclitaxel,NDC,55390-0304
chemotherapy_paclitaxel,NDC,55390-0314
chemotherapy_paclitaxel,NDC,66758-0043
chemotherapy_paclitaxel,NDC,67457-0434
chemotherapy_paclitaxel,NDC,67457-0449
chemotherapy_paclitaxel,NDC,67457-0471
chemotherapy_paclitaxel,NDC,68083-0178
chemotherapy_paclitaxel,NDC,68083-0179
chemotherapy_paclitaxel,NDC,68083-0180
chemotherapy_paclitaxel,NDC,68817-0134
chemotherapy_paclitaxel,NDC,70860-0200
chemotherapy_paclitaxel,NDC,00703-3216
chemotherapy_paclitaxel,NDC,00703-3217
chemotherapy_paclitaxel,NDC,00703-3213
chemotherapy_paclitaxel,NDC,00703-3218
chemotherapy_paclitaxel,NDC,16714-0137
chemotherapy_paclitaxel,NDC,69539-0158
chemotherapy_paclitaxel,NDC,69539-0159
chemotherapy_paclitaxel,NDC,69539-0157
chemotherapy_paclitaxel,NDC,72205-0063
chemotherapy_paclitaxel,NDC,72205-0062
chemotherapy_paclitaxel,NDC,72205-0061
chemotherapy_paclitaxel,NDC,00703-4764
chemotherapy_paclitaxel,NDC,00703-4768
chemotherapy_paclitaxel,NDC,44567-0504
chemotherapy_paclitaxel,NDC,44567-0505
chemotherapy_paclitaxel,NDC,44567-0506
chemotherapy_paclitaxel,NDC,45963-0613
chemotherapy_paclitaxel,NDC,61703-0342
chemotherapy_paclitaxel,NDC,63323-0763
chemotherapy_paclitaxel,NDC,00069-0076
chemotherapy_paclitaxel,NDC,00069-0078
chemotherapy_paclitaxel,NDC,00069-0079
chemotherapy_paclitaxel,NDC,00703-4766
chemotherapy_paclitaxel,NDC,00703-4767
chemotherapy_paclitaxel,NDC,25021-0213
chemotherapy_paclitaxel,NDC,68001-0516
chemotherapy_paclitaxel,NDC,47781-0593
chemotherapy_paclitaxel,NDC,47781-0594
chemotherapy_paclitaxel,NDC,51991-0937
chemotherapy_paclitaxel,NDC,51991-0938
chemotherapy_paclitaxel,NDC,70860-0215
chemotherapy_pemetrexed,HCPCS,C9213
chemotherapy_pemetrexed,HCPCS,J9304
chemotherapy_pemetrexed,HCPCS,J9305
chemotherapy_pemetrexed,NDC,00002-7623
chemotherapy_pemetrexed,NDC,00002-7640
chemotherapy_pemetrexed,NDC,67184-0503
chemotherapy_pemetrexed,HCPCS,J8705
chemotherapy_pemetrexed,HCPCS,J9350
chemotherapy_pemetrexed,HCPCS,J9351
chemotherapy_pemetrexed,NDC,66758-0051
chemotherapy_pemetrexed,NDC,66435-0410
chemotherapy_pemetrexed,NDC,67457-0474
chemotherapy_pemetrexed,NDC,00007-4201
chemotherapy_pemetrexed,NDC,00007-4205
chemotherapy_pemetrexed,NDC,00007-4207
chemotherapy_pemetrexed,NDC,00069-0075
chemotherapy_pemetrexed,NDC,00078-0672
chemotherapy_pemetrexed,NDC,00078-0673
chemotherapy_pemetrexed,NDC,00078-0674
chemotherapy_pemetrexed,NDC,00409-0302
chemotherapy_pemetrexed,NDC,00703-4714
chemotherapy_pemetrexed,NDC,16729-0151
chemotherapy_pemetrexed,NDC,16729-0243
chemotherapy_pemetrexed,NDC,45963-0615
chemotherapy_pemetrexed,NDC,55390-0370
chemotherapy_pemetrexed,NDC,62756-0023
chemotherapy_pemetrexed,NDC,63323-0762
chemotherapy_pemetrexed,NDC,67457-0662
chemotherapy_pemetrexed,NDC,71288-0127
chemotherapy_pemetrexed,NDC,25021-0206
chemotherapy_pemetrexed,NDC,25021-0236
chemotherapy_pemetrexed,NDC,25021-0824
chemotherapy_pemetrexed,NDC,50742-0404
chemotherapy_services,ICD-9,V58.1
chemotherapy_services,ICD-9,V58.11
chemotherapy_services,ICD-9,V58.12
chemotherapy_services,CPT,90782
chemotherapy_services,CPT,90783
chemotherapy_services,CPT,90784
chemotherapy_services,CPT,90785
chemotherapy_services,CPT,90786
chemotherapy_services,CPT,90787
chemotherapy_services,CPT,90788
chemotherapy_services,CPT,96408
chemotherapy_services,CPT,96409
chemotherapy_services,CPT,96410
chemotherapy_services,CPT,96411
chemotherapy_services,CPT,96412
chemotherapy_services,CPT,96413
chemotherapy_services,CPT,96414
chemotherapy_services,CPT,96415
chemotherapy_services,CPT,96416
chemotherapy_services,CPT,96417
chemotherapy_services,CPT,96418
chemotherapy_services,CPT,96419
chemotherapy_services,CPT,96520
chemotherapy_services,CPT,96530
chemotherapy_services,CPT,96545
chemotherapy_services,CPT,96549
chemotherapy_services,CPT,61517
chemotherapy_services,CPT,96400
chemotherapy_services,CPT,96401
chemotherapy_services,CPT,96402
chemotherapy_services,CPT,96403
chemotherapy_services,CPT,96404
chemotherapy_services,CPT,96405
chemotherapy_services,CPT,96406
chemotherapy_services,CPT,96420
chemotherapy_services,CPT,96421
chemotherapy_services,CPT,96422
chemotherapy_services,CPT,96423
chemotherapy_services,CPT,96424
chemotherapy_services,CPT,96425
chemotherapy_services,CPT,96440
chemotherapy_services,CPT,96441
chemotherapy_services,CPT,96442
chemotherapy_services,CPT,96443
chemotherapy_services,CPT,96444
chemotherapy_services,CPT,96445
chemotherapy_services,CPT,96446
chemotherapy_services,CPT,96450
chemotherapy_services,CPT,96520
chemotherapy_services,CPT,96521
chemotherapy_services,CPT,96522
chemotherapy_services,CPT,96542
chemotherapy_services,CPT,99601
chemotherapy_services,CPT,99602
chemotherapy_services,HCPCS,Q0083
chemotherapy_services,HCPCS,Q0084
chemotherapy_services,HCPCS,Q0085
chemotherapy_services,HCPCS,J9000
chemotherapy_services,HCPCS,J9001
chemotherapy_services,HCPCS,J9002
chemotherapy_services,HCPCS,J9003
chemotherapy_services,HCPCS,J9004
chemotherapy_services,HCPCS,J9005
chemotherapy_services,HCPCS,J9006
chemotherapy_services,HCPCS,J9007
chemotherapy_services,HCPCS,J9008
chemotherapy_services,HCPCS,J9009
chemotherapy_services,HCPCS,J9010
chemotherapy_services,HCPCS,J9011
chemotherapy_services,HCPCS,J9012
chemotherapy_services,HCPCS,J9013
chemotherapy_services,HCPCS,J9014
chemotherapy_services,HCPCS,J9015
chemotherapy_services,HCPCS,J9016
chemotherapy_services,HCPCS,J9017
chemotherapy_services,HCPCS,J9018
chemotherapy_services,HCPCS,J9019
chemotherapy_services,HCPCS,J9020
chemotherapy_services,HCPCS,J9021
chemotherapy_services,HCPCS,J9022
chemotherapy_services,HCPCS,J9023
chemotherapy_services,HCPCS,J9024
chemotherapy_services,HCPCS,J9025
chemotherapy_services,HCPCS,J9026
chemotherapy_services,HCPCS,J9027
chemotherapy_services,HCPCS,J9028
chemotherapy_services,HCPCS,J9029
chemotherapy_services,HCPCS,J9030
chemotherapy_services,HCPCS,J9031
chemotherapy_services,HCPCS,J9032
chemotherapy_services,HCPCS,J9033
chemotherapy_services,HCPCS,J9034
chemotherapy_services,HCPCS,J9035
chemotherapy_services,HCPCS,J9036
chemotherapy_services,HCPCS,J9037
chemotherapy_services,HCPCS,J9038
chemotherapy_services,HCPCS,J9039
chemotherapy_services,HCPCS,J9040
chemotherapy_services,HCPCS,J9041
chemotherapy_services,HCPCS,J9042
chemotherapy_services,HCPCS,J9043
chemotherapy_services,HCPCS,J9044
chemotherapy_services,HCPCS,J9045
chemotherapy_services,HCPCS,J9046
chemotherapy_services,HCPCS,J9047
chemotherapy_services,HCPCS,J9048
chemotherapy_services,HCPCS,J9049
chemotherapy_services,HCPCS,J9050
chemotherapy_services,HCPCS,J9051
chemotherapy_services,HCPCS,J9052
chemotherapy_services,HCPCS,J9053
chemotherapy_services,HCPCS,J9054
chemotherapy_services,HCPCS,J9055
chemotherapy_services,HCPCS,J9056
chemotherapy_services,HCPCS,J9057
chemotherapy_services,HCPCS,J9058
chemotherapy_services,HCPCS,J9059
chemotherapy_services,HCPCS,J9060
chemotherapy_services,HCPCS,J9061
chemotherapy_services,HCPCS,J9062
chemotherapy_services,HCPCS,J9063
chemotherapy_services,HCPCS,J9064
chemotherapy_services,HCPCS,J9065
chemotherapy_services,HCPCS,J9066
chemotherapy_services,HCPCS,J9067
chemotherapy_services,HCPCS,J9068
chemotherapy_services,HCPCS,J9069
chemotherapy_services,HCPCS,J9070
chemotherapy_services,HCPCS,J9071
chemotherapy_services,HCPCS,J9072
chemotherapy_services,HCPCS,J9073
chemotherapy_services,HCPCS,J9074
chemotherapy_services,HCPCS,J9075
chemotherapy_services,HCPCS,J9076
chemotherapy_services,HCPCS,J9077
chemotherapy_services,HCPCS,J9078
chemotherapy_services,HCPCS,J9079
chemotherapy_services,HCPCS,J9080
chemotherapy_services,HCPCS,J9081
chemotherapy_services,HCPCS,J9082
chemotherapy_services,HCPCS,J9083
chemotherapy_services,HCPCS,J9084
chemotherapy_services,HCPCS,J9085
chemotherapy_services,HCPCS,J9086
chemotherapy_services,HCPCS,J9087
chemotherapy_services,HCPCS,J9088
chemotherapy_services,HCPCS,J9089
chemotherapy_services,HCPCS,J9090
chemotherapy_services,HCPCS,J9091
chemotherapy_services,HCPCS,J9092
chemotherapy_services,HCPCS,J9093
chemotherapy_services,HCPCS,J9094
chemotherapy_services,HCPCS,J9095
chemotherapy_services,HCPCS,J9096
chemotherapy_services,HCPCS,J9097
chemotherapy_services,HCPCS,J9098
chemotherapy_services,HCPCS,J9099
chemotherapy_services,HCPCS,J9100
chemotherapy_services,HCPCS,J9101
chemotherapy_services,HCPCS,J9102
chemotherapy_services,HCPCS,J9103
chemotherapy_services,HCPCS,J9104
chemotherapy_services,HCPCS,J9105
chemotherapy_services,HCPCS,J9106
chemotherapy_services,HCPCS,J9107
chemotherapy_services,HCPCS,J9108
chemotherapy_services,HCPCS,J9109
chemotherapy_services,HCPCS,J9110
chemotherapy_services,HCPCS,J9111
chemotherapy_services,HCPCS,J9112
chemotherapy_services,HCPCS,J9113
chemotherapy_services,HCPCS,J9114
chemotherapy_services,HCPCS,J9115
chemotherapy_services,HCPCS,J9116
chemotherapy_services,HCPCS,J9117
chemotherapy_services,HCPCS,J9118
chemotherapy_services,HCPCS,J9119
chemotherapy_services,HCPCS,J9120
chemotherapy_services,HCPCS,J9121
chemotherapy_services,HCPCS,J9122
chemotherapy_services,HCPCS,J9123
chemotherapy_services,HCPCS,J9124
chemotherapy_services,HCPCS,J9125
chemotherapy_services,HCPCS,J9126
chemotherapy_services,HCPCS,J9127
chemotherapy_services,HCPCS,J9128
chemotherapy_services,HCPCS,J9129
chemotherapy_services,HCPCS,J9130
chemotherapy_services,HCPCS,J9131
chemotherapy_services,HCPCS,J9132
chemotherapy_services,HCPCS,J9133
chemotherapy_services,HCPCS,J9134
chemotherapy_services,HCPCS,J9135
chemotherapy_services,HCPCS,J9136
chemotherapy_services,HCPCS,J9137
chemotherapy_services,HCPCS,J9138
chemotherapy_services,HCPCS,J9139
chemotherapy_services,HCPCS,J9140
chemotherapy_services,HCPCS,J9141
chemotherapy_services,HCPCS,J9142
chemotherapy_services,HCPCS,J9143
chemotherapy_services,HCPCS,J9144
chemotherapy_services,HCPCS,J9145
chemotherapy_services,HCPCS,J9146
chemotherapy_services,HCPCS,J9147
chemotherapy_services,HCPCS,J9148
chemotherapy_services,HCPCS,J9149
chemotherapy_services,HCPCS,J9150
chemotherapy_services,HCPCS,J9151
chemotherapy_services,HCPCS,J9152
chemotherapy_services,HCPCS,J9153
chemotherapy_services,HCPCS,J9154
chemotherapy_services,HCPCS,J9155
chemotherapy_services,HCPCS,J9156
chemotherapy_services,HCPCS,J9157
chemotherapy_services,HCPCS,J9158
chemotherapy_services,HCPCS,J9159
chemotherapy_services,HCPCS,J9160
chemotherapy_services,HCPCS,J9161
chemotherapy_services,HCPCS,J9162
chemotherapy_services,HCPCS,J9163
chemotherapy_services,HCPCS,J9164
chemotherapy_services,HCPCS,J9165
chemotherapy_services,HCPCS,J9166
chemotherapy_services,HCPCS,J9167
chemotherapy_services,HCPCS,J9168
chemotherapy_services,HCPCS,J9169
chemotherapy_services,HCPCS,J9170
chemotherapy_services,HCPCS,J9171
chemotherapy_services,HCPCS,J9172
chemotherapy_services,HCPCS,J9173
chemotherapy_services,HCPCS,J9174
chemotherapy_services,HCPCS,J9175
chemotherapy_services,HCPCS,J9176
chemotherapy_services,HCPCS,J9177
chemotherapy_services,HCPCS,J9178
chemotherapy_services,HCPCS,J9179
chemotherapy_services,HCPCS,J9180
chemotherapy_services,HCPCS,J9181
chemotherapy_services,HCPCS,J9182
chemotherapy_services,HCPCS,J9183
chemotherapy_services,HCPCS,J9184
chemotherapy_services,HCPCS,J9185
chemotherapy_services,HCPCS,J9186
chemotherapy_services,HCPCS,J9187
chemotherapy_services,HCPCS,J9188
chemotherapy_services,HCPCS,J9189
chemotherapy_services,HCPCS,J9190
chemotherapy_services,HCPCS,J9191
chemotherapy_services,HCPCS,J9192
chemotherapy_services,HCPCS,J9193
chemotherapy_services,HCPCS,J9194
chemotherapy_services,HCPCS,J9195
chemotherapy_services,HCPCS,J9196
chemotherapy_services,HCPCS,J9197
chemotherapy_services,HCPCS,J9198
chemotherapy_services,HCPCS,J9199
chemotherapy_services,HCPCS,J9200
chemotherapy_services,HCPCS,J9201
chemotherapy_services,HCPCS,J9202
chemotherapy_services,HCPCS,J9203
chemotherapy_services,HCPCS,J9204
chemotherapy_services,HCPCS,J9205
chemotherapy_services,HCPCS,J9206
chemotherapy_services,HCPCS,J9207
chemotherapy_services,HCPCS,J9208
chemotherapy_services,HCPCS,J9209
chemotherapy_services,HCPCS,J9210
chemotherapy_services,HCPCS,J9211
chemotherapy_services,HCPCS,J9212
chemotherapy_services,HCPCS,J9213
chemotherapy_services,HCPCS,J9214
chemotherapy_services,HCPCS,J9215
chemotherapy_services,HCPCS,J9216
chemotherapy_services,HCPCS,J9217
chemotherapy_services,HCPCS,J9218
chemotherapy_services,HCPCS,J9219
chemotherapy_services,HCPCS,J9220
chemotherapy_services,HCPCS,J9221
chemotherapy_services,HCPCS,J9222
chemotherapy_services,HCPCS,J9223
chemotherapy_services,HCPCS,J9224
chemotherapy_services,HCPCS,J9225
chemotherapy_services,HCPCS,J9226
chemotherapy_services,HCPCS,J9227
chemotherapy_services,HCPCS,J9228
chemotherapy_services,HCPCS,J9229
chemotherapy_services,HCPCS,J9230
chemotherapy_services,HCPCS,J9231
chemotherapy_services,HCPCS,J9232
chemotherapy_services,HCPCS,J9233
chemotherapy_services,HCPCS,J9234
chemotherapy_services,HCPCS,J9235
chemotherapy_services,HCPCS,J9236
chemotherapy_services,HCPCS,J9237
chemotherapy_services,HCPCS,J9238
chemotherapy_services,HCPCS,J9239
chemotherapy_services,HCPCS,J9240
chemotherapy_services,HCPCS,J9241
chemotherapy_services,HCPCS,J9242
chemotherapy_services,HCPCS,J9243
chemotherapy_services,HCPCS,J9244
chemotherapy_services,HCPCS,J9245
chemotherapy_services,HCPCS,J9246
chemotherapy_services,HCPCS,J9247
chemotherapy_services,HCPCS,J9248
chemotherapy_services,HCPCS,J9249
chemotherapy_services,HCPCS,J9250
chemotherapy_services,HCPCS,J9251
chemotherapy_services,HCPCS,J9252
chemotherapy_services,HCPCS,J9253
chemotherapy_services,HCPCS,J9254
chemotherapy_services,HCPCS,J9255
chemotherapy_services,HCPCS,J9256
chemotherapy_services,HCPCS,J9257
chemotherapy_services,HCPCS,J9258
chemotherapy_services,HCPCS,J9259
chemotherapy_services,HCPCS,J9260
chemotherapy_services,HCPCS,J9261
chemotherapy_services,HCPCS,J9262
chemotherapy_services,HCPCS,J9263
chemotherapy_services,HCPCS,J9264
chemotherapy_services,HCPCS,J9265
chemotherapy_services,HCPCS,J9266
chemotherapy_services,HCPCS,J9267
chemotherapy_services,HCPCS,J9268
chemotherapy_services,HCPCS,J9269
chemotherapy_services,HCPCS,J9270
chemotherapy_services,HCPCS,J9271
chemotherapy_services,HCPCS,J9272
chemotherapy_services,HCPCS,J9273
chemotherapy_services,HCPCS,J9274
chemotherapy_services,HCPCS,J9275
chemotherapy_services,HCPCS,J9276
chemotherapy_services,HCPCS,J9277
chemotherapy_services,HCPCS,J9278
chemotherapy_services,HCPCS,J9279
chemotherapy_services,HCPCS,J9280
chemotherapy_services,HCPCS,J9281
chemotherapy_services,HCPCS,J9282
chemotherapy_services,HCPCS,J9283
chemotherapy_services,HCPCS,J9284
chemotherapy_services,HCPCS,J9285
chemotherapy_services,HCPCS,J9286
chemotherapy_services,HCPCS,J9287
chemotherapy_services,HCPCS,J9288
chemotherapy_services,HCPCS,J9289
chemotherapy_services,HCPCS,J9290
chemotherapy_services,HCPCS,J9291
chemotherapy_services,HCPCS,J9292
chemotherapy_services,HCPCS,J9293
chemotherapy_services,HCPCS,J9294
chemotherapy_services,HCPCS,J9295
chemotherapy_services,HCPCS,J9296
chemotherapy_services,HCPCS,J9297
chemotherapy_services,HCPCS,J9298
chemotherapy_services,HCPCS,J9299
chemotherapy_services,HCPCS,J9300
chemotherapy_services,HCPCS,J9301
chemotherapy_services,HCPCS,J9302
chemotherapy_services,HCPCS,J9303
chemotherapy_services,HCPCS,J9304
chemotherapy_services,HCPCS,J9305
chemotherapy_services,HCPCS,J9306
chemotherapy_services,HCPCS,J9307
chemotherapy_services,HCPCS,J9308
chemotherapy_services,HCPCS,J9309
chemotherapy_services,HCPCS,J9310
chemotherapy_services,HCPCS,J9311
chemotherapy_services,HCPCS,J9312
chemotherapy_services,HCPCS,J9313
chemotherapy_services,HCPCS,J9314
chemotherapy_services,HCPCS,J9315
chemotherapy_services,HCPCS,J9316
chemotherapy_services,HCPCS,J9317
chemotherapy_services,HCPCS,J9318
chemotherapy_services,HCPCS,J9319
chemotherapy_services,HCPCS,J9320
chemotherapy_services,HCPCS,J9321
chemotherapy_services,HCPCS,J9322
chemotherapy_services,HCPCS,J9323
chemotherapy_services,HCPCS,J9324
chemotherapy_services,HCPCS,J9325
chemotherapy_services,HCPCS,J9326
chemotherapy_services,HCPCS,J9327
chemotherapy_services,HCPCS,J9328
chemotherapy_services,HCPCS,J9329
chemotherapy_services,HCPCS,J9330
chemotherapy_services,HCPCS,J9331
chemotherapy_services,HCPCS,J9332
chemotherapy_services,HCPCS,J9333
chemotherapy_services,HCPCS,J9334
chemotherapy_services,HCPCS,J9335
chemotherapy_services,HCPCS,J9336
chemotherapy_services,HCPCS,J9337
chemotherapy_services,HCPCS,J9338
chemotherapy_services,HCPCS,J9339
chemotherapy_services,HCPCS,J9340
chemotherapy_services,HCPCS,J9341
chemotherapy_services,HCPCS,J9342
chemotherapy_services,HCPCS,J9343
chemotherapy_services,HCPCS,J9344
chemotherapy_services,HCPCS,J9345
chemotherapy_services,HCPCS,J9346
chemotherapy_services,HCPCS,J9347
chemotherapy_services,HCPCS,J9348
chemotherapy_services,HCPCS,J9349
chemotherapy_services,HCPCS,J9350
chemotherapy_services,HCPCS,J9351
chemotherapy_services,HCPCS,J9352
chemotherapy_services,HCPCS,J9353
chemotherapy_services,HCPCS,J9354
chemotherapy_services,HCPCS,J9355
chemotherapy_services,HCPCS,J9356
chemotherapy_services,HCPCS,J9357
chemotherapy_services,HCPCS,J9358
chemotherapy_services,HCPCS,J9359
chemotherapy_services,HCPCS,J9360
chemotherapy_services,HCPCS,J9361
chemotherapy_services,HCPCS,J9362
chemotherapy_services,HCPCS,J9363
chemotherapy_services,HCPCS,J9364
chemotherapy_services,HCPCS,J9365
chemotherapy_services,HCPCS,J9366
chemotherapy_services,HCPCS,J9367
chemotherapy_services,HCPCS,J9368
chemotherapy_services,HCPCS,J9369
chemotherapy_services,HCPCS,J9370
chemotherapy_services,HCPCS,J9371
chemotherapy_services,HCPCS,J9372
chemotherapy_services,HCPCS,J9373
chemotherapy_services,HCPCS,J9374
chemotherapy_services,HCPCS,J9375
chemotherapy_services,HCPCS,J9376
chemotherapy_services,HCPCS,J9377
chemotherapy_services,HCPCS,J9378
chemotherapy_services,HCPCS,J9379
chemotherapy_services,HCPCS,J9380
chemotherapy_services,HCPCS,J9381
chemotherapy_services,HCPCS,J9382
chemotherapy_services,HCPCS,J9383
chemotherapy_services,HCPCS,J9384
chemotherapy_services,HCPCS,J9385
chemotherapy_services,HCPCS,J9386
chemotherapy_services,HCPCS,J9387
chemotherapy_services,HCPCS,J9388
chemotherapy_services,HCPCS,J9389
chemotherapy_services,HCPCS,J9390
chemotherapy_services,HCPCS,J9391
chemotherapy_services,HCPCS,J9392
chemotherapy_services,HCPCS,J9393
chemotherapy_services,HCPCS,J9394
chemotherapy_services,HCPCS,J9395
chemotherapy_services,HCPCS,J9396
chemotherapy_services,HCPCS,J9397
chemotherapy_services,HCPCS,J9398
chemotherapy_services,HCPCS,J9399
chemotherapy_services,HCPCS,J9400
chemotherapy_services,HCPCS,J9401
chemotherapy_services,HCPCS,J9402
chemotherapy_services,HCPCS,J9403
chemotherapy_services,HCPCS,J9404
chemotherapy_services,HCPCS,J9405
chemotherapy_services,HCPCS,J9406
chemotherapy_services,HCPCS,J9407
chemotherapy_services,HCPCS,J9408
chemotherapy_services,HCPCS,J9409
chemotherapy_services,HCPCS,J9410
chemotherapy_services,HCPCS,J9411
chemotherapy_services,HCPCS,J9412
chemotherapy_services,HCPCS,J9413
chemotherapy_services,HCPCS,J9414
chemotherapy_services,HCPCS,J9415
chemotherapy_services,HCPCS,J9416
chemotherapy_services,HCPCS,J9417
chemotherapy_services,HCPCS,J9418
chemotherapy_services,HCPCS,J9419
chemotherapy_services,HCPCS,J9420
chemotherapy_services,HCPCS,J9421
chemotherapy_services,HCPCS,J9422
chemotherapy_services,HCPCS,J9423
chemotherapy_services,HCPCS,J9424
chemotherapy_services,HCPCS,J9425
chemotherapy_services,HCPCS,J9426
chemotherapy_services,HCPCS,J9427
chemotherapy_services,HCPCS,J9428
chemotherapy_services,HCPCS,J9429
chemotherapy_services,HCPCS,J9430
chemotherapy_services,HCPCS,J9431
chemotherapy_services,HCPCS,J9432
chemotherapy_services,HCPCS,J9433
chemotherapy_services,HCPCS,J9434
chemotherapy_services,HCPCS,J9435
chemotherapy_services,HCPCS,J9436
chemotherapy_services,HCPCS,J9437
chemotherapy_services,HCPCS,J9438
chemotherapy_services,HCPCS,J9439
chemotherapy_services,HCPCS,J9440
chemotherapy_services,HCPCS,J9441
chemotherapy_services,HCPCS,J9442
chemotherapy_services,HCPCS,J9443
chemotherapy_services,HCPCS,J9444
chemotherapy_services,HCPCS,J9445
chemotherapy_services,HCPCS,J9446
chemotherapy_services,HCPCS,J9447
chemotherapy_services,HCPCS,J9448
chemotherapy_services,HCPCS,J9449
chemotherapy_services,HCPCS,J9450
chemotherapy_services,HCPCS,J9451
chemotherapy_services,HCPCS,J9452
chemotherapy_services,HCPCS,J9453
chemotherapy_services,HCPCS,J9454
chemotherapy_services,HCPCS,J9455
chemotherapy_services,HCPCS,J9456
chemotherapy_services,HCPCS,J9457
chemotherapy_services,HCPCS,J9458
chemotherapy_services,HCPCS,J9459
chemotherapy_services,HCPCS,J9460
chemotherapy_services,HCPCS,J9461
chemotherapy_services,HCPCS,J9462
chemotherapy_services,HCPCS,J9463
chemotherapy_services,HCPCS,J9464
chemotherapy_services,HCPCS,J9465
chemotherapy_services,HCPCS,J9466
chemotherapy_services,HCPCS,J9467
chemotherapy_services,HCPCS,J9468
chemotherapy_services,HCPCS,J9469
chemotherapy_services,HCPCS,J9470
chemotherapy_services,HCPCS,J9471
chemotherapy_services,HCPCS,J9472
chemotherapy_services,HCPCS,J9473
chemotherapy_services,HCPCS,J9474
chemotherapy_services,HCPCS,J9475
chemotherapy_services,HCPCS,J9476
chemotherapy_services,HCPCS,J9477
chemotherapy_services,HCPCS,J9478
chemotherapy_services,HCPCS,J9479
chemotherapy_services,HCPCS,J9480
chemotherapy_services,HCPCS,J9481
chemotherapy_services,HCPCS,J9482
chemotherapy_services,HCPCS,J9483
chemotherapy_services,HCPCS,J9484
chemotherapy_services,HCPCS,J9485
chemotherapy_services,HCPCS,J9486
chemotherapy_services,HCPCS,J9487
chemotherapy_services,HCPCS,J9488
chemotherapy_services,HCPCS,J9489
chemotherapy_services,HCPCS,J9490
chemotherapy_services,HCPCS,J9491
chemotherapy_services,HCPCS,J9492
chemotherapy_services,HCPCS,J9493
chemotherapy_services,HCPCS,J9494
chemotherapy_services,HCPCS,J9495
chemotherapy_services,HCPCS,J9496
chemotherapy_services,HCPCS,J9497
chemotherapy_services,HCPCS,J9498
chemotherapy_services,HCPCS,J9499
chemotherapy_services,HCPCS,J9500
chemotherapy_services,HCPCS,J9501
chemotherapy_services,HCPCS,J9502
chemotherapy_services,HCPCS,J9503
chemotherapy_services,HCPCS,J9504
chemotherapy_services,HCPCS,J9505
chemotherapy_services,HCPCS,J9506
chemotherapy_services,HCPCS,J9507
chemotherapy_services,HCPCS,J9508
chemotherapy_services,HCPCS,J9509
chemotherapy_services,HCPCS,J9510
chemotherapy_services,HCPCS,J9511
chemotherapy_services,HCPCS,J9512
chemotherapy_services,HCPCS,J9513
chemotherapy_services,HCPCS,J9514
chemotherapy_services,HCPCS,J9515
chemotherapy_services,HCPCS,J9516
chemotherapy_services,HCPCS,J9517
chemotherapy_services,HCPCS,J9518
chemotherapy_services,HCPCS,J9519
chemotherapy_services,HCPCS,J9520
chemotherapy_services,HCPCS,J9521
chemotherapy_services,HCPCS,J9522
chemotherapy_services,HCPCS,J9523
chemotherapy_services,HCPCS,J9524
chemotherapy_services,HCPCS,J9525
chemotherapy_services,HCPCS,J9526
chemotherapy_services,HCPCS,J9527
chemotherapy_services,HCPCS,J9528
chemotherapy_services,HCPCS,J9529
chemotherapy_services,HCPCS,J9530
chemotherapy_services,HCPCS,J9531
chemotherapy_services,HCPCS,J9532
chemotherapy_services,HCPCS,J9533
chemotherapy_services,HCPCS,J9534
chemotherapy_services,HCPCS,J9535
chemotherapy_services,HCPCS,J9536
chemotherapy_services,HCPCS,J9537
chemotherapy_services,HCPCS,J9538
chemotherapy_services,HCPCS,J9539
chemotherapy_services,HCPCS,J9540
chemotherapy_services,HCPCS,J9541
chemotherapy_services,HCPCS,J9542
chemotherapy_services,HCPCS,J9543
chemotherapy_services,HCPCS,J9544
chemotherapy_services,HCPCS,J9545
chemotherapy_services,HCPCS,J9546
chemotherapy_services,HCPCS,J9547
chemotherapy_services,HCPCS,J9548
chemotherapy_services,HCPCS,J9549
chemotherapy_services,HCPCS,J9550
chemotherapy_services,HCPCS,J9551
chemotherapy_services,HCPCS,J9552
chemotherapy_services,HCPCS,J9553
chemotherapy_services,HCPCS,J9554
chemotherapy_services,HCPCS,J9555
chemotherapy_services,HCPCS,J9556
chemotherapy_services,HCPCS,J9557
chemotherapy_services,HCPCS,J9558
chemotherapy_services,HCPCS,J9559
chemotherapy_services,HCPCS,J9560
chemotherapy_services,HCPCS,J9561
chemotherapy_services,HCPCS,J9562
chemotherapy_services,HCPCS,J9563
chemotherapy_services,HCPCS,J9564
chemotherapy_services,HCPCS,J9565
chemotherapy_services,HCPCS,J9566
chemotherapy_services,HCPCS,J9567
chemotherapy_services,HCPCS,J9568
chemotherapy_services,HCPCS,J9569
chemotherapy_services,HCPCS,J9570
chemotherapy_services,HCPCS,J9571
chemotherapy_services,HCPCS,J9572
chemotherapy_services,HCPCS,J9573
chemotherapy_services,HCPCS,J9574
chemotherapy_services,HCPCS,J9575
chemotherapy_services,HCPCS,J9576
chemotherapy_services,HCPCS,J9577
chemotherapy_services,HCPCS,J9578
chemotherapy_services,HCPCS,J9579
chemotherapy_services,HCPCS,J9580
chemotherapy_services,HCPCS,J9581
chemotherapy_services,HCPCS,J9582
chemotherapy_services,HCPCS,J9583
chemotherapy_services,HCPCS,J9584
chemotherapy_services,HCPCS,J9585
chemotherapy_services,HCPCS,J9586
chemotherapy_services,HCPCS,J9587
chemotherapy_services,HCPCS,J9588
chemotherapy_services,HCPCS,J9589
chemotherapy_services,HCPCS,J9590
chemotherapy_services,HCPCS,J9591
chemotherapy_services,HCPCS,J9592
chemotherapy_services,HCPCS,J9593
chemotherapy_services,HCPCS,J9594
chemotherapy_services,HCPCS,J9595
chemotherapy_services,HCPCS,J9596
chemotherapy_services,HCPCS,J9597
chemotherapy_services,HCPCS,J9598
chemotherapy_services,HCPCS,J9599
chemotherapy_services,HCPCS,J9600
chemotherapy_services,HCPCS,J9601
chemotherapy_services,HCPCS,J9602
chemotherapy_services,HCPCS,J9603
chemotherapy_services,HCPCS,J9604
chemotherapy_services,HCPCS,J9605
chemotherapy_services,HCPCS,J9606
chemotherapy_services,HCPCS,J9607
chemotherapy_services,HCPCS,J9608
chemotherapy_services,HCPCS,J9609
chemotherapy_services,HCPCS,J9610
chemotherapy_services,HCPCS,J9611
chemotherapy_services,HCPCS,J9612
chemotherapy_services,HCPCS,J9613
chemotherapy_services,HCPCS,J9614
chemotherapy_services,HCPCS,J9615
chemotherapy_services,HCPCS,J9616
chemotherapy_services,HCPCS,J9617
chemotherapy_services,HCPCS,J9618
chemotherapy_services,HCPCS,J9619
chemotherapy_services,HCPCS,J9620
chemotherapy_services,HCPCS,J9621
chemotherapy_services,HCPCS,J9622
chemotherapy_services,HCPCS,J9623
chemotherapy_services,HCPCS,J9624
chemotherapy_services,HCPCS,J9625
chemotherapy_services,HCPCS,J9626
chemotherapy_services,HCPCS,J9627
chemotherapy_services,HCPCS,J9628
chemotherapy_services,HCPCS,J9629
chemotherapy_services,HCPCS,J9630
chemotherapy_services,HCPCS,J9631
chemotherapy_services,HCPCS,J9632
chemotherapy_services,HCPCS,J9633
chemotherapy_services,HCPCS,J9634
chemotherapy_services,HCPCS,J9635
chemotherapy_services,HCPCS,J9636
chemotherapy_services,HCPCS,J9637
chemotherapy_services,HCPCS,J9638
chemotherapy_services,HCPCS,J9639
chemotherapy_services,HCPCS,J9640
chemotherapy_services,HCPCS,J9641
chemotherapy_services,HCPCS,J9642
chemotherapy_services,HCPCS,J9643
chemotherapy_services,HCPCS,J9644
chemotherapy_services,HCPCS,J9645
chemotherapy_services,HCPCS,J9646
chemotherapy_services,HCPCS,J9647
chemotherapy_services,HCPCS,J9648
chemotherapy_services,HCPCS,J9649
chemotherapy_services,HCPCS,J9650
chemotherapy_services,HCPCS,J9651
chemotherapy_services,HCPCS,J9652
chemotherapy_services,HCPCS,J9653
chemotherapy_services,HCPCS,J9654
chemotherapy_services,HCPCS,J9655
chemotherapy_services,HCPCS,J9656
chemotherapy_services,HCPCS,J9657
chemotherapy_services,HCPCS,J9658
chemotherapy_services,HCPCS,J9659
chemotherapy_services,HCPCS,J9660
chemotherapy_services,HCPCS,J9661
chemotherapy_services,HCPCS,J9662
chemotherapy_services,HCPCS,J9663
chemotherapy_services,HCPCS,J9664
chemotherapy_services,HCPCS,J9665
chemotherapy_services,HCPCS,J9666
chemotherapy_services,HCPCS,J9667
chemotherapy_services,HCPCS,J9668
chemotherapy_services,HCPCS,J9669
chemotherapy_services,HCPCS,J9670
chemotherapy_services,HCPCS,J9671
chemotherapy_services,HCPCS,J9672
chemotherapy_services,HCPCS,J9673
chemotherapy_services,HCPCS,J9674
chemotherapy_services,HCPCS,J9675
chemotherapy_services,HCPCS,J9676
chemotherapy_services,HCPCS,J9677
chemotherapy_services,HCPCS,J9678
chemotherapy_services,HCPCS,J9679
chemotherapy_services,HCPCS,J9680
chemotherapy_services,HCPCS,J9681
chemotherapy_services,HCPCS,J9682
chemotherapy_services,HCPCS,J9683
chemotherapy_services,HCPCS,J9684
chemotherapy_services,HCPCS,J9685
chemotherapy_services,HCPCS,J9686
chemotherapy_services,HCPCS,J9687
chemotherapy_services,HCPCS,J9688
chemotherapy_services,HCPCS,J9689
chemotherapy_services,HCPCS,J9690
chemotherapy_services,HCPCS,J9691
chemotherapy_services,HCPCS,J9692
chemotherapy_services,HCPCS,J9693
chemotherapy_services,HCPCS,J9694
chemotherapy_services,HCPCS,J9695
chemotherapy_services,HCPCS,J9696
chemotherapy_services,HCPCS,J9697
chemotherapy_services,HCPCS,J9698
chemotherapy_services,HCPCS,J9699
chemotherapy_services,HCPCS,J9700
chemotherapy_services,HCPCS,J9701
chemotherapy_services,HCPCS,J9702
chemotherapy_services,HCPCS,J9703
chemotherapy_services,HCPCS,J9704
chemotherapy_services,HCPCS,J9705
chemotherapy_services,HCPCS,J9706
chemotherapy_services,HCPCS,J9707
chemotherapy_services,HCPCS,J9708
chemotherapy_services,HCPCS,J9709
chemotherapy_services,HCPCS,J9710
chemotherapy_services,HCPCS,J9711
chemotherapy_services,HCPCS,J9712
chemotherapy_services,HCPCS,J9713
chemotherapy_services,HCPCS,J9714
chemotherapy_services,HCPCS,J9715
chemotherapy_services,HCPCS,J9716
chemotherapy_services,HCPCS,J9717
chemotherapy_services,HCPCS,J9718
chemotherapy_services,HCPCS,J9719
chemotherapy_services,HCPCS,J9720
chemotherapy_services,HCPCS,J9721
chemotherapy_services,HCPCS,J9722
chemotherapy_services,HCPCS,J9723
chemotherapy_services,HCPCS,J9724
chemotherapy_services,HCPCS,J9725
chemotherapy_services,HCPCS,J9726
chemotherapy_services,HCPCS,J9727
chemotherapy_services,HCPCS,J9728
chemotherapy_services,HCPCS,J9729
chemotherapy_services,HCPCS,J9730
chemotherapy_services,HCPCS,J9731
chemotherapy_services,HCPCS,J9732
chemotherapy_services,HCPCS,J9733
chemotherapy_services,HCPCS,J9734
chemotherapy_services,HCPCS,J9735
chemotherapy_services,HCPCS,J9736
chemotherapy_services,HCPCS,J9737
chemotherapy_services,HCPCS,J9738
chemotherapy_services,HCPCS,J9739
chemotherapy_services,HCPCS,J9740
chemotherapy_services,HCPCS,J9741
chemotherapy_services,HCPCS,J9742
chemotherapy_services,HCPCS,J9743
chemotherapy_services,HCPCS,J9744
chemotherapy_services,HCPCS,J9745
chemotherapy_services,HCPCS,J9746
chemotherapy_services,HCPCS,J9747
chemotherapy_services,HCPCS,J9748
chemotherapy_services,HCPCS,J9749
chemotherapy_services,HCPCS,J9750
chemotherapy_services,HCPCS,J9751
chemotherapy_services,HCPCS,J9752
chemotherapy_services,HCPCS,J9753
chemotherapy_services,HCPCS,J9754
chemotherapy_services,HCPCS,J9755
chemotherapy_services,HCPCS,J9756
chemotherapy_services,HCPCS,J9757
chemotherapy_services,HCPCS,J9758
chemotherapy_services,HCPCS,J9759
chemotherapy_services,HCPCS,J9760
chemotherapy_services,HCPCS,J9761
chemotherapy_services,HCPCS,J9762
chemotherapy_services,HCPCS,J9763
chemotherapy_services,HCPCS,J9764
chemotherapy_services,HCPCS,J9765
chemotherapy_services,HCPCS,J9766
chemotherapy_services,HCPCS,J9767
chemotherapy_services,HCPCS,J9768
chemotherapy_services,HCPCS,J9769
chemotherapy_services,HCPCS,J9770
chemotherapy_services,HCPCS,J9771
chemotherapy_services,HCPCS,J9772
chemotherapy_services,HCPCS,J9773
chemotherapy_services,HCPCS,J9774
chemotherapy_services,HCPCS,J9775
chemotherapy_services,HCPCS,J9776
chemotherapy_services,HCPCS,J9777
chemotherapy_services,HCPCS,J9778
chemotherapy_services,HCPCS,J9779
chemotherapy_services,HCPCS,J9780
chemotherapy_services,HCPCS,J9781
chemotherapy_services,HCPCS,J9782
chemotherapy_services,HCPCS,J9783
chemotherapy_services,HCPCS,J9784
chemotherapy_services,HCPCS,J9785
chemotherapy_services,HCPCS,J9786
chemotherapy_services,HCPCS,J9787
chemotherapy_services,HCPCS,J9788
chemotherapy_services,HCPCS,J9789
chemotherapy_services,HCPCS,J9790
chemotherapy_services,HCPCS,J9791
chemotherapy_services,HCPCS,J9792
chemotherapy_services,HCPCS,J9793
chemotherapy_services,HCPCS,J9794
chemotherapy_services,HCPCS,J9795
chemotherapy_services,HCPCS,J9796
chemotherapy_services,HCPCS,J9797
chemotherapy_services,HCPCS,J9798
chemotherapy_services,HCPCS,J9799
chemotherapy_services,HCPCS,J9800
chemotherapy_services,HCPCS,J9801
chemotherapy_services,HCPCS,J9802
chemotherapy_services,HCPCS,J9803
chemotherapy_services,HCPCS,J9804
chemotherapy_services,HCPCS,J9805
chemotherapy_services,HCPCS,J9806
chemotherapy_services,HCPCS,J9807
chemotherapy_services,HCPCS,J9808
chemotherapy_services,HCPCS,J9809
chemotherapy_services,HCPCS,J9810
chemotherapy_services,HCPCS,J9811
chemotherapy_services,HCPCS,J9812
chemotherapy_services,HCPCS,J9813
chemotherapy_services,HCPCS,J9814
chemotherapy_services,HCPCS,J9815
chemotherapy_services,HCPCS,J9816
chemotherapy_services,HCPCS,J9817
chemotherapy_services,HCPCS,J9818
chemotherapy_services,HCPCS,J9819
chemotherapy_services,HCPCS,J9820
chemotherapy_services,HCPCS,J9821
chemotherapy_services,HCPCS,J9822
chemotherapy_services,HCPCS,J9823
chemotherapy_services,HCPCS,J9824
chemotherapy_services,HCPCS,J9825
chemotherapy_services,HCPCS,J9826
chemotherapy_services,HCPCS,J9827
chemotherapy_services,HCPCS,J9828
chemotherapy_services,HCPCS,J9829
chemotherapy_services,HCPCS,J9830
chemotherapy_services,HCPCS,J9831
chemotherapy_services,HCPCS,J9832
chemotherapy_services,HCPCS,J9833
chemotherapy_services,HCPCS,J9834
chemotherapy_services,HCPCS,J9835
chemotherapy_services,HCPCS,J9836
chemotherapy_services,HCPCS,J9837
chemotherapy_services,HCPCS,J9838
chemotherapy_services,HCPCS,J9839
chemotherapy_services,HCPCS,J9840
chemotherapy_services,HCPCS,J9841
chemotherapy_services,HCPCS,J9842
chemotherapy_services,HCPCS,J9843
chemotherapy_services,HCPCS,J9844
chemotherapy_services,HCPCS,J9845
chemotherapy_services,HCPCS,J9846
chemotherapy_services,HCPCS,J9847
chemotherapy_services,HCPCS,J9848
chemotherapy_services,HCPCS,J9849
chemotherapy_services,HCPCS,J9850
chemotherapy_services,HCPCS,J9851
chemotherapy_services,HCPCS,J9852
chemotherapy_services,HCPCS,J9853
chemotherapy_services,HCPCS,J9854
chemotherapy_services,HCPCS,J9855
chemotherapy_services,HCPCS,J9856
chemotherapy_services,HCPCS,J9857
chemotherapy_services,HCPCS,J9858
chemotherapy_services,HCPCS,J9859
chemotherapy_services,HCPCS,J9860
chemotherapy_services,HCPCS,J9861
chemotherapy_services,HCPCS,J9862
chemotherapy_services,HCPCS,J9863
chemotherapy_services,HCPCS,J9864
chemotherapy_services,HCPCS,J9865
chemotherapy_services,HCPCS,J9866
chemotherapy_services,HCPCS,J9867
chemotherapy_services,HCPCS,J9868
chemotherapy_services,HCPCS,J9869
chemotherapy_services,HCPCS,J9870
chemotherapy_services,HCPCS,J9871
chemotherapy_services,HCPCS,J9872
chemotherapy_services,HCPCS,J9873
chemotherapy_services,HCPCS,J9874
chemotherapy_services,HCPCS,J9875
chemotherapy_services,HCPCS,J9876
chemotherapy_services,HCPCS,J9877
chemotherapy_services,HCPCS,J9878
chemotherapy_services,HCPCS,J9879
chemotherapy_services,HCPCS,J9880
chemotherapy_services,HCPCS,J9881
chemotherapy_services,HCPCS,J9882
chemotherapy_services,HCPCS,J9883
chemotherapy_services,HCPCS,J9884
chemotherapy_services,HCPCS,J9885
chemotherapy_services,HCPCS,J9886
chemotherapy_services,HCPCS,J9887
chemotherapy_services,HCPCS,J9888
chemotherapy_services,HCPCS,J9889
chemotherapy_services,HCPCS,J9890
chemotherapy_services,HCPCS,J9891
chemotherapy_services,HCPCS,J9892
chemotherapy_services,HCPCS,J9893
chemotherapy_services,HCPCS,J9894
chemotherapy_services,HCPCS,J9895
chemotherapy_services,HCPCS,J9896
chemotherapy_services,HCPCS,J9897
chemotherapy_services,HCPCS,J9898
chemotherapy_services,HCPCS,J9899
chemotherapy_services,HCPCS,J9900
chemotherapy_services,HCPCS,J9901
chemotherapy_services,HCPCS,J9902
chemotherapy_services,HCPCS,J9903
chemotherapy_services,HCPCS,J9904
chemotherapy_services,HCPCS,J9905
chemotherapy_services,HCPCS,J9906
chemotherapy_services,HCPCS,J9907
chemotherapy_services,HCPCS,J9908
chemotherapy_services,HCPCS,J9909
chemotherapy_services,HCPCS,J9910
chemotherapy_services,HCPCS,J9911
chemotherapy_services,HCPCS,J9912
chemotherapy_services,HCPCS,J9913
chemotherapy_services,HCPCS,J9914
chemotherapy_services,HCPCS,J9915
chemotherapy_services,HCPCS,J9916
chemotherapy_services,HCPCS,J9917
chemotherapy_services,HCPCS,J9918
chemotherapy_services,HCPCS,J9919
chemotherapy_services,HCPCS,J9920
chemotherapy_services,HCPCS,J9921
chemotherapy_services,HCPCS,J9922
chemotherapy_services,HCPCS,J9923
chemotherapy_services,HCPCS,J9924
chemotherapy_services,HCPCS,J9925
chemotherapy_services,HCPCS,J9926
chemotherapy_services,HCPCS,J9927
chemotherapy_services,HCPCS,J9928
chemotherapy_services,HCPCS,J9929
chemotherapy_services,HCPCS,J9930
chemotherapy_services,HCPCS,J9931
chemotherapy_services,HCPCS,J9932
chemotherapy_services,HCPCS,J9933
chemotherapy_services,HCPCS,J9934
chemotherapy_services,HCPCS,J9935
chemotherapy_services,HCPCS,J9936
chemotherapy_services,HCPCS,J9937
chemotherapy_services,HCPCS,J9938
chemotherapy_services,HCPCS,J9939
chemotherapy_services,HCPCS,J9940
chemotherapy_services,HCPCS,J9941
chemotherapy_services,HCPCS,J9942
chemotherapy_services,HCPCS,J9943
chemotherapy_services,HCPCS,J9944
chemotherapy_services,HCPCS,J9945
chemotherapy_services,HCPCS,J9946
chemotherapy_services,HCPCS,J9947
chemotherapy_services,HCPCS,J9948
chemotherapy_services,HCPCS,J9949
chemotherapy_services,HCPCS,J9950
chemotherapy_services,HCPCS,J9951
chemotherapy_services,HCPCS,J9952
chemotherapy_services,HCPCS,J9953
chemotherapy_services,HCPCS,J9954
chemotherapy_services,HCPCS,J9955
chemotherapy_services,HCPCS,J9956
chemotherapy_services,HCPCS,J9957
chemotherapy_services,HCPCS,J9958
chemotherapy_services,HCPCS,J9959
chemotherapy_services,HCPCS,J9960
chemotherapy_services,HCPCS,J9961
chemotherapy_services,HCPCS,J9962
chemotherapy_services,HCPCS,J9963
chemotherapy_services,HCPCS,J9964
chemotherapy_services,HCPCS,J9965
chemotherapy_services,HCPCS,J9966
chemotherapy_services,HCPCS,J9967
chemotherapy_services,HCPCS,J9968
chemotherapy_services,HCPCS,J9969
chemotherapy_services,HCPCS,J9970
chemotherapy_services,HCPCS,J9971
chemotherapy_services,HCPCS,J9972
chemotherapy_services,HCPCS,J9973
chemotherapy_services,HCPCS,J9974
chemotherapy_services,HCPCS,J9975
chemotherapy_services,HCPCS,J9976
chemotherapy_services,HCPCS,J9977
chemotherapy_services,HCPCS,J9978
chemotherapy_services,HCPCS,J9979
chemotherapy_services,HCPCS,J9980
chemotherapy_services,HCPCS,J9981
chemotherapy_services,HCPCS,J9982
chemotherapy_services,HCPCS,J9983
chemotherapy_services,HCPCS,J9984
chemotherapy_services,HCPCS,J9985
chemotherapy_services,HCPCS,J9986
chemotherapy_services,HCPCS,J9987
chemotherapy_services,HCPCS,J9988
chemotherapy_services,HCPCS,J9989
chemotherapy_services,HCPCS,J9990
chemotherapy_services,HCPCS,J9991
chemotherapy_services,HCPCS,J9992
chemotherapy_services,HCPCS,J9993
chemotherapy_services,HCPCS,J9994
chemotherapy_services,HCPCS,J9995
chemotherapy_services,HCPCS,J9996
chemotherapy_services,HCPCS,J9997
chemotherapy_services,HCPCS,J9998
chemotherapy_services,HCPCS,J9999
chemotherapy_temozolomide,NDC,54868-4142
chemotherapy_temozolomide,NDC,54868-5348
chemotherapy_temozolomide,NDC,54868-5350
chemotherapy_temozolomide,NDC,54868-5354
chemotherapy_temozolomide,NDC,54868-5980
chemotherapy_temozolomide,NDC,62175-0240
chemotherapy_temozolomide,NDC,62175-0241
chemotherapy_temozolomide,NDC,62175-0242
chemotherapy_temozolomide,NDC,62175-0243
chemotherapy_temozolomide,NDC,62175-0244
chemotherapy_temozolomide,NDC,62175-0245
chemotherapy_temozolomide,NDC,64144-0501
chemotherapy_temozolomide,NDC,64144-0502
chemotherapy_temozolomide,NDC,64144-0503
chemotherapy_temozolomide,NDC,64144-0504
chemotherapy_temozolomide,NDC,64144-0505
chemotherapy_temozolomide,NDC,64144-0506
chemotherapy_temozolomide,NDC,64980-0333
chemotherapy_temozolomide,NDC,64980-0334
chemotherapy_temozolomide,NDC,64980-0335
chemotherapy_temozolomide,NDC,64980-0336
chemotherapy_temozolomide,NDC,64980-0337
chemotherapy_temozolomide,NDC,64980-0338
chemotherapy_temozolomide,NDC,65162-0801
chemotherapy_temozolomide,NDC,65162-0802
chemotherapy_temozolomide,NDC,65162-0803
chemotherapy_temozolomide,NDC,65162-0804
chemotherapy_temozolomide,NDC,65162-0805
chemotherapy_temozolomide,NDC,65162-0806
chemotherapy_temozolomide,NDC,67877-0537
chemotherapy_temozolomide,NDC,67877-0538
chemotherapy_temozolomide,NDC,67877-0539
chemotherapy_temozolomide,NDC,67877-0540
chemotherapy_temozolomide,NDC,67877-0541
chemotherapy_temozolomide,NDC,67877-0542
chemotherapy_temozolomide,NDC,69189-7638
chemotherapy_temozolomide,NDC,00085-0381
chemotherapy_temozolomide,NDC,16729-0048
chemotherapy_temozolomide,NDC,16729-0050
chemotherapy_temozolomide,NDC,16729-0051
chemotherapy_temozolomide,NDC,16729-0129
chemotherapy_temozolomide,NDC,16729-0130
chemotherapy_temozolomide,NDC,40051-0604
chemotherapy_temozolomide,NDC,40051-0605
chemotherapy_temozolomide,NDC,40051-0606
chemotherapy_temozolomide,NDC,40051-0607
chemotherapy_temozolomide,NDC,40051-0608
chemotherapy_temozolomide,NDC,40051-0609
chemotherapy_temozolomide,NDC,47335-0893
chemotherapy_temozolomide,NDC,00054-0320
chemotherapy_temozolomide,NDC,00054-0321
chemotherapy_temozolomide,NDC,00054-0322
chemotherapy_temozolomide,NDC,00054-0323
chemotherapy_temozolomide,NDC,00054-0324
chemotherapy_temozolomide,NDC,00054-0325
chemotherapy_temozolomide,NDC,16729-0049
chemotherapy_temozolomide,NDC,50268-0761
chemotherapy_temozolomide,NDC,50268-0762
chemotherapy_temozolomide,NDC,47335-0890
chemotherapy_temozolomide,NDC,47335-0891
chemotherapy_temozolomide,NDC,47335-0892
chemotherapy_temozolomide,NDC,47335-0929
chemotherapy_temozolomide,NDC,47335-0930
chemotherapy_temozolomide,NDC,62559-0921
chemotherapy_temozolomide,NDC,62559-0920
chemotherapy_temozolomide,NDC,62559-0922
chemotherapy_temozolomide,NDC,62559-0923
chemotherapy_temozolomide,NDC,62559-0924
chemotherapy_temozolomide,NDC,62559-0925
chemotherapy_temozolomide,NDC,00085-3004
chemotherapy_temozolomide,NDC,00085-1366
chemotherapy_temozolomide,NDC,00085-1381
chemotherapy_temozolomide,NDC,00085-1417
chemotherapy_temozolomide,NDC,00085-1425
chemotherapy_temozolomide,NDC,00085-1430
chemotherapy_temozolomide,NDC,00085-1519
chemotherapy_temozolomide,NDC,00093-7599
chemotherapy_temozolomide,NDC,00093-7600
chemotherapy_temozolomide,NDC,00093-7601
chemotherapy_temozolomide,NDC,00093-7602
chemotherapy_temozolomide,NDC,00093-7638
chemotherapy_temozolomide,NDC,00093-7639
chemotherapy_temozolomide,NDC,00378-5260
chemotherapy_temozolomide,NDC,00378-5261
chemotherapy_temozolomide,NDC,00378-5262
chemotherapy_temozolomide,NDC,00378-5263
chemotherapy_temozolomide,NDC,00378-5264
chemotherapy_temozolomide,NDC,00378-5265
chemotherapy_temozolomide,NDC,00527-1777
chemotherapy_temozolomide,NDC,00527-1778
chemotherapy_temozolomide,NDC,00527-1779
chemotherapy_temozolomide,NDC,00527-1780
chemotherapy_temozolomide,NDC,00527-1781
chemotherapy_temozolomide,NDC,00527-1782
chemotherapy_temozolomide,NDC,00781-2691
chemotherapy_temozolomide,NDC,00781-2692
chemotherapy_temozolomide,NDC,00781-2693
chemotherapy_temozolomide,NDC,00781-2694
chemotherapy_temozolomide,NDC,00781-2695
chemotherapy_temozolomide,NDC,00781-2696
chemotherapy_temozolomide,NDC,42737-0101
chemotherapy_temozolomide,NDC,42737-0102
chemotherapy_temozolomide,NDC,42737-0103
chemotherapy_temozolomide,NDC,42737-0104
chemotherapy_temozolomide,NDC,42737-0105
chemotherapy_temozolomide,NDC,42737-0106
chemotherapy_temozolomide,NDC,43975-0252
chemotherapy_temozolomide,NDC,43975-0253
chemotherapy_temozolomide,NDC,43975-0254
chemotherapy_temozolomide,NDC,43975-0255
chemotherapy_temozolomide,NDC,43975-0257
chemotherapy_temozolomide,NDC,50268-0763
chemotherapy_temozolomide,NDC,51862-0083
chemotherapy_temozolomide,NDC,51862-0084
chemotherapy_temozolomide,NDC,51862-0085
chemotherapy_temozolomide,NDC,51862-0086
chemotherapy_temozolomide,NDC,51862-0087
chemotherapy_temozolomide,NDC,51862-0088
chemotherapy_temozolomide,NDC,75834-0132
chemotherapy_temozolomide,NDC,75834-0142
chemotherapy_temozolomide,NDC,75834-0143
chemotherapy_temozolomide,NDC,75834-0144
chemotherapy_temozolomide,NDC,75834-0145
chemotherapy_temozolomide,NDC,43975-0256
chemotherapy_temozolomide,NDC,59923-0703
chemotherapy_temozolomide,NDC,59923-0704
chemotherapy_temozolomide,NDC,59923-0705
chemotherapy_temozolomide,NDC,59923-0706
chemotherapy_temozolomide,NDC,59923-0707
chemotherapy_temozolomide,NDC,59923-0708
chemotherapy_temozolomide,NDC,59923-0709
chemotherapy_temozolomide,NDC,59923-0710
chemotherapy_temozolomide,NDC,59923-0711
chemotherapy_temozolomide,NDC,59923-0712
chemotherapy_temozolomide,NDC,59923-0713
chemotherapy_temozolomide,NDC,16729-0051
chemotherapy_temozolomide,NDC,65162-0803
chemotherapy_temozolomide,NDC,00093-7600
chemotherapy_temozolomide,NDC,65162-0805
chemotherapy_temozolomide,NDC,00085-1259
chemotherapy_temozolomide,HCPCS,C1086
chemotherapy_temozolomide,HCPCS,C9253
chemotherapy_temozolomide,HCPCS,J8700
chemotherapy_temozolomide,HCPCS,J9328
chemotherapy_topotecan,HCPCS,J8705
chemotherapy_topotecan,HCPCS,J9350
chemotherapy_topotecan,HCPCS,J9351
chemotherapy_topotecan,NDC,66758-0051
chemotherapy_topotecan,NDC,66435-0410
chemotherapy_topotecan,NDC,67457-0474
chemotherapy_topotecan,NDC,00007-4201
chemotherapy_topotecan,NDC,00007-4205
chemotherapy_topotecan,NDC,00007-4207
chemotherapy_topotecan,NDC,00069-0075
chemotherapy_topotecan,NDC,00078-0672
chemotherapy_topotecan,NDC,00078-0673
chemotherapy_topotecan,NDC,00078-0674
chemotherapy_topotecan,NDC,00409-0302
chemotherapy_topotecan,NDC,00703-4714
chemotherapy_topotecan,NDC,16729-0151
chemotherapy_topotecan,NDC,16729-0243
chemotherapy_topotecan,NDC,45963-0615
chemotherapy_topotecan,NDC,55390-0370
chemotherapy_topotecan,NDC,62756-0023
chemotherapy_topotecan,NDC,63323-0762
chemotherapy_topotecan,NDC,67457-0662
chemotherapy_topotecan,NDC,71288-0127
chemotherapy_topotecan,NDC,25021-0206
chemotherapy_topotecan,NDC,25021-0236
chemotherapy_topotecan,NDC,25021-0824
chemotherapy_topotecan,NDC,50742-0404
chemotherapy_vinorelbine,HCPCS,C9440
chemotherapy_vinorelbine,HCPCS,J9390
chemotherapy_vinorelbine,NDC,55390-0069
chemotherapy_vinorelbine,NDC,55390-0070
chemotherapy_vinorelbine,NDC,00008-0045
chemotherapy_vinorelbine,NDC,64370-0532
chemotherapy_vinorelbine,NDC,61703-0341
chemotherapy_vinorelbine,NDC,00069-0099
chemotherapy_vinorelbine,NDC,00069-0103
chemotherapy_vinorelbine,NDC,00069-0205
chemotherapy_vinorelbine,NDC,00703-4182
chemotherapy_vinorelbine,NDC,00703-4183
chemotherapy_vinorelbine,NDC,25021-0204
chemotherapy_vinorelbine,NDC,45963-0607
chemotherapy_vinorelbine,NDC,66758-0045
chemotherapy_vinorelbine,NDC,67457-0431
chemotherapy_vinorelbine,NDC,67457-0479
chemotherapy_vinorelbine,NDC,67457-0481
chemotherapy_vinorelbine,NDC,67457-0482
chemotherapy_vinorelbine,NDC,50742-0420
chemotherapy_vinorelbine,NDC,50742-0427
diagnostic_imaging,CPT,70450
diagnostic_imaging,CPT,70451
diagnostic_imaging,CPT,70452
diagnostic_imaging,CPT,70453
diagnostic_imaging,CPT,70454
diagnostic_imaging,CPT,70455
diagnostic_imaging,CPT,70456
diagnostic_imaging,CPT,70457
diagnostic_imaging,CPT,70458
diagnostic_imaging,CPT,70459
diagnostic_imaging,CPT,70460
diagnostic_imaging,CPT,70461
diagnostic_imaging,CPT,70462
diagnostic_imaging,CPT,70463
diagnostic_imaging,CPT,70464
diagnostic_imaging,CPT,70465
diagnostic_imaging,CPT,70466
diagnostic_imaging,CPT,70467
diagnostic_imaging,CPT,70468
diagnostic_imaging,CPT,70469
diagnostic_imaging,CPT,70470
diagnostic_imaging,CPT,70551
diagnostic_imaging,CPT,70552
diagnostic_imaging,CPT,70553
diagnostic_imaging,CPT,78607
diagnostic_imaging,CPT,78608
neurosurgical_resection,ICD-9,1.21
neurosurgical_resection,ICD-9,1.22
neurosurgical_resection,ICD-9,1.23
neurosurgical_resection,ICD-9,1.24
neurosurgical_resection,ICD-9,1.25
neurosurgical_resection,ICD-9,1.31
neurosurgical_resection,ICD-9,1.51
neurosurgical_resection,ICD-9,1.59
neurosurgical_resection,CPT,61105
neurosurgical_resection,CPT,61106
neurosurgical_resection,CPT,61107
neurosurgical_resection,CPT,61108
neurosurgical_resection,CPT,61304
neurosurgical_resection,CPT,61305
neurosurgical_resection,CPT,61312
neurosurgical_resection,CPT,61313
neurosurgical_resection,CPT,61314
neurosurgical_resection,CPT,61315
neurosurgical_resection,CPT,61320
neurosurgical_resection,CPT,61321
neurosurgical_resection,CPT,61330
neurosurgical_resection,CPT,61332
neurosurgical_resection,CPT,61333
neurosurgical_resection,CPT,61334
neurosurgical_resection,CPT,61340
neurosurgical_resection,CPT,61343
neurosurgical_resection,CPT,61345
neurosurgical_resection,CPT,61440
neurosurgical_resection,CPT,61450
neurosurgical_resection,CPT,61458
neurosurgical_resection,CPT,61460
neurosurgical_resection,CPT,61470
neurosurgical_resection,CPT,61500
neurosurgical_resection,CPT,61501
neurosurgical_resection,CPT,61510
neurosurgical_resection,CPT,61512
neurosurgical_resection,CPT,61514
neurosurgical_resection,CPT,61516
neurosurgical_resection,CPT,61518
neurosurgical_resection,CPT,61519
neurosurgical_resection,CPT,61520
neurosurgical_resection,CPT,61521
neurosurgical_resection,CPT,61522
neurosurgical_resection,CPT,61524
neurosurgical_resection,CPT,61526
neurosurgical_resection,CPT,61530
neurosurgical_resection,CPT,61531
neurosurgical_resection,CPT,61533
neurosurgical_resection,CPT,61534
neurosurgical_resection,CPT,61535
neurosurgical_resection,CPT,61536
neurosurgical_resection,CPT,61538
neurosurgical_resection,CPT,61539
neurosurgical_resection,CPT,61541
neurosurgical_resection,CPT,61542
neurosurgical_resection,CPT,61543
neurosurgical_resection,CPT,61544
neurosurgical_resection,CPT,61545
neurosurgical_resection,CPT,61546
neurosurgical_resection,CPT,61548
neurosurgical_resection,CPT,61550
neurosurgical_resection,CPT,61552
neurosurgical_resection,CPT,61556
neurosurgical_resection,CPT,61557
neurosurgical_resection,CPT,61558
neurosurgical_resection,CPT,61559
neurosurgical_resection,CPT,61563
neurosurgical_resection,CPT,61564
neurosurgical_resection,CPT,61570
neurosurgical_resection,CPT,61571
neurosurgical_resection,CPT,61575
neurosurgical_resection,CPT,61576
neurosurgical_resection,CPT,61580
neurosurgical_resection,CPT,61581
neurosurgical_resection,CPT,61582
neurosurgical_resection,CPT,61583
neurosurgical_resection,CPT,61584
neurosurgical_resection,CPT,61585
neurosurgical_resection,CPT,61586
neurosurgical_resection,CPT,61590
neurosurgical_resection,CPT,61591
neurosurgical_resection,CPT,61592
neurosurgical_resection,CPT,61596
neurosurgical_resection,CPT,61597
neurosurgical_resection,CPT,61598
neurosurgical_resection,CPT,61600
neurosurgical_resection,CPT,61601
neurosurgical_resection,CPT,61605
neurosurgical_resection,CPT,61606
neurosurgical_resection,CPT,61607
neurosurgical_resection,CPT,61608
neurosurgical_resection,CPT,61609
neurosurgical_resection,CPT,61610
neurosurgical_resection,CPT,61611
neurosurgical_resection,CPT,61612
neurosurgical_resection,CPT,61613
neurosurgical_resection,CPT,61615
neurosurgical_resection,CPT,61616
radiation_therapy,ICD-9,92.23
radiation_therapy,ICD-9,92.24
radiation_therapy,ICD-9,92.25
radiation_therapy,ICD-9,92.3
radiation_therapy,ICD-9,92.31
radiation_therapy,ICD-9,92.32
radiation_therapy,ICD-9,92.33
radiation_therapy,ICD-9,92.39
radiation_therapy,CPT,77261
radiation_therapy,CPT,77262
radiation_therapy,CPT,77263
radiation_therapy,CPT,77280
radiation_therapy,CPT,77285
radiation_therapy,CPT,77290
radiation_therapy,CPT,77295
radiation_therapy,CPT,77299
radiation_therapy,CPT,77300
radiation_therapy,CPT,77301
radiation_therapy,CPT,77306
radiation_therapy,CPT,77307
radiation_therapy,CPT,77305
radiation_therapy,CPT,77310
radiation_therapy,CPT,77315
radiation_therapy,CPT,77321
radiation_therapy,CPT,77331
radiation_therapy,CPT,77332
radiation_therapy,CPT,77333
radiation_therapy,CPT,77334
radiation_therapy,CPT,77336
radiation_therapy,CPT,77337
radiation_therapy,CPT,77370
radiation_therapy,CPT,77371
radiation_therapy,CPT,77372
radiation_therapy,CPT,77385
radiation_therapy,CPT,77399
radiation_therapy,CPT,77401
radiation_therapy,CPT,77402
radiation_therapy,CPT,77403
radiation_therapy,CPT,77404
radiation_therapy,CPT,77405
radiation_therapy,CPT,77406
radiation_therapy,CPT,77407
radiation_therapy,CPT,77408
radiation_therapy,CPT,77409
radiation_therapy,CPT,77410
radiation_therapy,CPT,77411
radiation_therapy,CPT,77412
radiation_therapy,CPT,77413
radiation_therapy,CPT,77414
radiation_therapy,CPT,77416
radiation_therapy,CPT,77418
radiation_therapy,CPT,77419
radiation_therapy,CPT,77420
radiation_therapy,CPT,77422
radiation_therapy,CPT,77423
radiation_therapy,CPT,77424
radiation_therapy,CPT,77425
radiation_therapy,CPT,77427
radiation_therapy,CPT,77430
radiation_therapy,CPT,77431
radiation_therapy,CPT,77432
radiation_therapy,CPT,77520
radiation_therapy,CPT,77521
radiation_therapy,CPT,77522
radiation_therapy,CPT,77523
radiation_therapy,CPT,77524
radiation_therapy,CPT,77525
radiation_therapy,CPT,0073T
radiation_therapy,HCPCS,G0173
radiation_therapy,HCPCS,G0174
radiation_therapy,HCPCS,G0242
radiation_therapy,HCPCS,G0243
radiation_therapy,HCPCS,G0251
radiation_therapy,HCPCS,G0338
radiation_therapy,HCPCS,G0339
radiation_therapy,HCPCS,G0340
radiation_therapy,HCPCS,G0340
radiation_therapy,HCPCS,G6001
radiation_therapy,HCPCS,G6002
radiation_therapy,HCPCS,G6003
radiation_therapy,HCPCS,G6004
radiation_therapy,HCPCS,G6005
radiation_therapy,HCPCS,G6006
radiation_therapy,HCPCS,G6007
radiation_therapy,HCPCS,G6008
radiation_therapy,HCPCS,G6009
radiation_therapy,HCPCS,G6010
radiation_therapy,HCPCS,G6011
radiation_therapy,HCPCS,G6012
radiation_therapy,HCPCS,G6013
radiation_therapy,HCPCS,G6014
radiation_therapy,HCPCS,G6015
radiation_therapy,HCPCS,G6016
radiation_therapy,HCPCS,G6017
stereotactic_radiosurgery,ICD-9,92.3
stereotactic_radiosurgery,ICD-9,92.31
stereotactic_radiosurgery,ICD-9,92.32
stereotactic_radiosurgery,ICD-9,92.33
stereotactic_radiosurgery,ICD-9,92.39
stereotactic_radiosurgery,CPT,32701
stereotactic_radiosurgery,CPT,61793
stereotactic_radiosurgery,CPT,61796
stereotactic_radiosurgery,CPT,61797
stereotactic_radiosurgery,CPT,61798
stereotactic_radiosurgery,CPT,61799
stereotactic_radiosurgery,CPT,61800
stereotactic_radiosurgery,CPT,77371
stereotactic_radiosurgery,CPT,77372
stereotactic_radiosurgery,CPT,77373
stereotactic_radiosurgery,CPT,77385
stereotactic_radiosurgery,CPT,77386
stereotactic_radiosurgery,CPT,77387
stereotactic_radiosurgery,CPT,77432
stereotactic_radiosurgery,HCPCS,G0173
stereotactic_radiosurgery,HCPCS,G0174
stereotactic_radiosurgery,HCPCS,G0242
stereotactic_radiosurgery,HCPCS,G0243
stereotactic_radiosurgery,HCPCS,G0251
stereotactic_radiosurgery,HCPCS,G0338
stereotactic_radiosurgery,HCPCS,G0339
stereotactic_radiosurgery,HCPCS,G0340
surgical_pathology,CPT,88300
surgical_pathology,CPT,88301
surgical_pathology,CPT,88302
surgical_pathology,CPT,88303
surgical_pathology,CPT,88304
surgical_pathology,CPT,88305
surgical_pathology,CPT,88306
surgical_pathology,CPT,88307
surgical_pathology,CPT,88308
surgical_pathology,CPT,88309
surgical_pathology,CPT,88310
surgical_pathology,CPT,88311
surgical_pathology,CPT,88312
surgical_pathology,CPT,88313
surgical_pathology,CPT,88314
surgical_pathology,CPT,88315
surgical_pathology,CPT,88316
surgical_pathology,CPT,88317
surgical_pathology,CPT,88318
surgical_pathology,CPT,88319
surgical_pathology,CPT,88320
surgical_pathology,CPT,88321
surgical_pathology,CPT,88322
surgical_pathology,CPT,88323
surgical_pathology,CPT,88324
surgical_pathology,CPT,88325
surgical_pathology,CPT,88326
surgical_pathology,CPT,88327
surgical_pathology,CPT,88328
surgical_pathology,CPT,88329
surgical_pathology,CPT,88330
surgical_pathology,CPT,88331
surgical_pathology,CPT,88332
surgical_pathology,CPT,88333
surgical_pathology,CPT,88334
surgical_pathology,CPT,88335
surgical_pathology,CPT,88336
surgical_pathology,CPT,88337
surgical_pathology,CPT,88338
surgical_pathology,CPT,88339
surgical_pathology,CPT,88340
surgical_pathology,CPT,88341
surgical_pathology,CPT,88342
surgical_pathology,CPT,88343
surgical_pathology,CPT,88344
surgical_pathology,CPT,88345
surgical_pathology,CPT,88346
surgical_pathology,CPT,88347
surgical_pathology,CPT,88348
surgical_pathology,CPT,88349
surgical_pathology,CPT,88350
surgical_pathology,CPT,88351
surgical_pathology,CPT,88352
surgical_pathology,CPT,88353
surgical_pathology,CPT,88354
surgical_pathology,CPT,88355
surgical_pathology,CPT,88356
surgical_pathology,CPT,88357
surgical_pathology,CPT,88358
surgical_pathology,CPT,88359
surgical_pathology,CPT,88360
surgical_pathology,CPT,88361
surgical_pathology,CPT,88362
surgical_pathology,CPT,88363
surgical_pathology,CPT,88364
surgical_pathology,CPT,88365
surgical_pathology,CPT,88366
surgical_pathology,CPT,88367
surgical_pathology,CPT,88368
surgical_pathology,CPT,88369
surgical_pathology,CPT,88370
surgical_pathology,CPT,88371
surgical_pathology,CPT,88372
surgical_pathology,CPT,88373
surgical_pathology,CPT,88374
surgical_pathology,CPT,88375
surgical_pathology,CPT,88376
surgical_pathology,CPT,88377
surgical_pathology,CPT,88378
surgical_pathology,CPT,88379
surgical_pathology,CPT,88380
surgical_pathology,CPT,88381
surgical_pathology,CPT,88382
surgical_pathology,CPT,88383
surgical_pathology,CPT,88384
surgical_pathology,CPT,88385
surgical_pathology,CPT,88386
surgical_pathology,CPT,88387
surgical_pathology,CPT,88388
surgical_pathology,CPT,88389
surgical_pathology,CPT,88390
surgical_pathology,CPT,88391
surgical_pathology,CPT,88392
surgical_pathology,CPT,88393
surgical_pathology,CPT,88394
surgical_pathology,CPT,88395
surgical_pathology,CPT,88396
surgical_pathology,CPT,88397
surgical_pathology,CPT,88398
surgical_pathology,CPT,88399
